{
  "model": "lstm",
  "coin": "BTC-USD",
  "config": {
    "coin": "BTC-USD",
    "interval": "1h",
    "period": "1y",
    "lookback": 96,
    "forecast_horizon": 1,
    "train_ratio": 0.7,
    "val_ratio": 0.15,
    "hidden_size": 64,
    "num_layers": 2,
    "dropout": 0.2,
    "lr": 0.001,
    "weight_decay": 0.0001,
    "epochs": 40,
    "batch_size": 128,
    "huber_delta": 1.0,
    "patience": 20,
    "grad_clip": 1.0,
    "seed": 42,
    "output_dir": "outputs"
  },
  "device": "cpu",
  "test_metrics": {
    "loss": 1.7344680964015423e-05,
    "mae": 0.00393404345959425,
    "rmse": 0.005439175431428716,
    "r2": -0.024821996688842773,
    "mape": 177.1732940673828,
    "direction_accuracy": 49.14933837429111
  },
  "training_history": {
    "train_loss": [
      0.0004539157782109333,
      7.562822793261148e-05,
      3.6183416380916477e-05,
      3.503240500519852e-05,
      2.2692190228830757e-05,
      1.6069806327362564e-05,
      1.5433660826641678e-05,
      1.4167156467939765e-05,
      1.3463876091241614e-05,
      1.3205105767116512e-05,
      1.31902095883719e-05,
      1.299695385687696e-05,
      1.246537930006011e-05,
      1.253109600873398e-05,
      1.2383128544906471e-05,
      1.232246794959634e-05,
      1.2233761199438405e-05,
      1.2135536913458212e-05,
      1.2138267852952081e-05,
      1.19526573598705e-05,
      1.1903375919878865e-05,
      1.2017241364565448e-05,
      1.194549334363036e-05,
      1.1804619753040475e-05,
      1.1959088500707763e-05,
      1.1969173066933328e-05,
      1.1809090308830768e-05,
      1.1902115582652977e-05,
      1.1828603066501286e-05,
      1.1858224582446699e-05,
      1.1683452103368282e-05,
      1.1817608864199112e-05,
      1.1802407102649063e-05,
      1.1820783616100096e-05,
      1.1823899270617087e-05,
      1.1844933910231742e-05,
      1.1773446758574526e-05,
      1.1806448353384084e-05,
      1.1703447042869495e-05,
      1.1787767260537532e-05
    ],
    "val_loss": [
      5.554609851969872e-05,
      2.6161698406212965e-05,
      2.1574060156126507e-05,
      5.121607282490004e-05,
      1.8659007946553174e-05,
      1.888551087176893e-05,
      1.9157022143190262e-05,
      1.8108958829543554e-05,
      1.8144989007851108e-05,
      1.812640439311508e-05,
      1.8047628964268368e-05,
      1.804094536055345e-05,
      1.797466702555539e-05,
      1.8113345868187024e-05,
      1.8091198671754683e-05,
      1.8042050214717165e-05,
      1.8031477520707994e-05,
      1.8047968569590012e-05,
      1.8058198656945022e-05,
      1.8101727891917108e-05,
      1.8072757302434184e-05,
      1.8045614706352352e-05,
      1.7967385610972995e-05,
      1.79477698111441e-05,
      1.798326429707231e-05,
      1.7996524002228397e-05,
      1.8006989375862758e-05,
      1.8020652714767493e-05,
      1.801213529688539e-05,
      1.8008755978371484e-05,
      1.7991270033235197e-05,
      1.7980477423407137e-05,
      1.797690329112811e-05,
      1.7999220744968625e-05,
      1.8008665574598125e-05,
      1.8010951407632092e-05,
      1.8011866268352604e-05,
      1.8010243184107822e-05,
      1.800873342290288e-05,
      1.800895533961011e-05
    ],
    "val_mae": [
      0.007191160693764687,
      0.005132331978529692,
      0.004780587274581194,
      0.007008172571659088,
      0.004347856156527996,
      0.0042654904536902905,
      0.004341570660471916,
      0.004178714472800493,
      0.004177882801741362,
      0.004177446477115154,
      0.004173748195171356,
      0.004171494394540787,
      0.004161520395427942,
      0.00417130533605814,
      0.004168296232819557,
      0.004162587225437164,
      0.004165343940258026,
      0.004168600309640169,
      0.004165223333984613,
      0.004169065039604902,
      0.00416752602905035,
      0.004166718572378159,
      0.004166416358202696,
      0.00416371738538146,
      0.004163646139204502,
      0.004165505059063435,
      0.004166129976511002,
      0.00416671484708786,
      0.004166207276284695,
      0.0041680107824504375,
      0.0041685388423502445,
      0.004168154671788216,
      0.00416723545640707,
      0.0041680908761918545,
      0.004168607760220766,
      0.004168471787124872,
      0.00416865898296237,
      0.004168720915913582,
      0.004168689250946045,
      0.004168702755123377
    ],
    "val_r2": [
      -1.4385757446289062,
      -0.400750994682312,
      -0.20897161960601807,
      -1.344635248184204,
      -0.040918707847595215,
      -0.029826879501342773,
      -0.04209697246551514,
      -0.0005513429641723633,
      -0.0014946460723876953,
      -0.0008831024169921875,
      0.003935515880584717,
      0.006561756134033203,
      0.00939643383026123,
      0.0033162832260131836,
      0.003440558910369873,
      0.005607783794403076,
      0.007386922836303711,
      0.006733953952789307,
      0.005485475063323975,
      0.0028485655784606934,
      0.00514376163482666,
      0.006910741329193115,
      0.00918114185333252,
      0.008069217205047607,
      0.006373047828674316,
      0.0072193145751953125,
      0.006986856460571289,
      0.005793511867523193,
      0.006175994873046875,
      0.004906654357910156,
      0.005170226097106934,
      0.005958080291748047,
      0.006096184253692627,
      0.004967749118804932,
      0.00438612699508667,
      0.004462182521820068,
      0.004472196102142334,
      0.004538357257843018,
      0.00458139181137085,
      0.004575014114379883
    ],
    "val_dir_acc": [
      49.24242424242424,
      48.67424242424242,
      51.32575757575758,
      50.0,
      53.40909090909091,
      52.65151515151515,
      49.24242424242424,
      51.32575757575758,
      52.27272727272727,
      53.21969696969697,
      51.70454545454546,
      52.65151515151515,
      54.35606060606061,
      53.21969696969697,
      52.84090909090909,
      54.166666666666664,
      54.734848484848484,
      53.21969696969697,
      51.89393939393939,
      51.515151515151516,
      53.59848484848485,
      53.97727272727273,
      54.54545454545454,
      53.59848484848485,
      54.734848484848484,
      55.49242424242424,
      53.59848484848485,
      53.59848484848485,
      53.97727272727273,
      52.46212121212122,
      52.46212121212122,
      53.40909090909091,
      55.11363636363637,
      53.59848484848485,
      53.21969696969697,
      53.40909090909091,
      53.40909090909091,
      53.59848484848485,
      53.40909090909091,
      53.59848484848485
    ]
  },
  "lookback": 96,
  "forecast_horizon": 1
}