{
  "model": "linear",
  "coin": "BTC-USD",
  "config": {
    "coin": "BTC-USD",
    "interval": "1h",
    "period": "1y",
    "lookback": 48,
    "train_ratio": 0.7,
    "val_ratio": 0.15,
    "linear_lr": 0.01,
    "linear_wd": 0.001,
    "linear_epochs": 50,
    "linear_batch": 256,
    "mlp_hidden": [
      128,
      64
    ],
    "mlp_dropout": 0.3,
    "mlp_lr": 0.001,
    "mlp_wd": 0.0001,
    "mlp_epochs": 100,
    "mlp_batch": 128,
    "huber_delta": 1.0,
    "patience": 15,
    "grad_clip": 1.0,
    "seed": 42,
    "output_dir": "outputs"
  },
  "device": "cpu",
  "test_metrics": {
    "loss": 0.004447596884953479,
    "mae": 0.07630297541618347,
    "rmse": 0.09969572924187635,
    "r2": -345.95965576171875,
    "mape": 15716.1357421875,
    "direction_accuracy": 54.59272097053726
  },
  "training_history": {
    "train_loss": [
      0.4403977456192176,
      0.17866576028366885,
      0.07007405022159219,
      0.0718265400112917,
      0.04500156035646796,
      0.03187139440948764,
      0.04862708024059733,
      0.08475964652219166,
      0.031369510029132165,
      0.01536053492842863,
      0.030451186350546777,
      0.05484676357203474,
      0.04347375617362559,
      0.0150647425907664,
      0.011896830352876956,
      0.0319095190304021,
      0.02947966564291467,
      0.01076784524290512,
      0.008400853558365876,
      0.014670708391349763,
      0.027550689895482112,
      0.012325001356657594,
      0.006189742833763982,
      0.0028097678271781965,
      0.002904973962965111,
      0.0040844315371941775,
      0.003576556766347494,
      0.0029790584133782736,
      0.001670296347583644,
      0.0015122180241936196,
      0.001396719958089913,
      0.001374564604096425,
      0.001334962386560316,
      0.0013061542946767684,
      0.0012854192609665915,
      0.001264765887754038,
      0.0012496025786579896,
      0.0012361190553444128,
      0.0012242289376445115,
      0.001214306566301578,
      0.0012060182489221916,
      0.0011991250188051101,
      0.00119350602957032
    ],
    "val_loss": [
      0.48380934198697406,
      0.11585481961568196,
      0.07557259996732076,
      0.06898558512330055,
      0.08531231060624123,
      0.07056173992653687,
      0.021513855705658596,
      0.09765990823507309,
      0.04983676535387834,
      0.02149063829953472,
      0.03771407809108496,
      0.05623189235726992,
      0.04760384559631348,
      0.038606301338101424,
      0.01324891330053409,
      0.012257664774854979,
      0.0595083466420571,
      0.012703801039606333,
      0.021233881280447047,
      0.006850482430309057,
      0.010473815724253654,
      0.02656339357296626,
      0.004727687298630674,
      0.010516689411209276,
      0.004414799700801571,
      0.007410880333433549,
      0.006990328625154992,
      0.004333769863781829,
      0.00718437903560698,
      0.005194600147660822,
      0.005163982976227999,
      0.005422703339718282,
      0.005346618592739105,
      0.005175742165495952,
      0.005162021901924163,
      0.00512981042265892,
      0.005105565728930135,
      0.0050783258823988335,
      0.005050715388885389,
      0.00502974873719116,
      0.00501390837598592,
      0.005001132415297131,
      0.004990887478925288
    ],
    "val_mae": [
      0.9034537076950073,
      0.39350244402885437,
      0.32362809777259827,
      0.272978812456131,
      0.3081235885620117,
      0.2610834836959839,
      0.165274515748024,
      0.4004313349723816,
      0.2192016839981079,
      0.14210593700408936,
      0.20304545760154724,
      0.2944888472557068,
      0.26335060596466064,
      0.18357056379318237,
      0.12527841329574585,
      0.13771383464336395,
      0.284494012594223,
      0.11134643107652664,
      0.14328153431415558,
      0.0984121710062027,
      0.13186421990394592,
      0.18602144718170166,
      0.07218270748853683,
      0.10057242959737778,
      0.07147732377052307,
      0.08639872819185257,
      0.08852444589138031,
      0.06873300671577454,
      0.08688770234584808,
      0.07348836958408356,
      0.07349701970815659,
      0.07525674253702164,
      0.07461079210042953,
      0.07370173931121826,
      0.07345085591077805,
      0.07332392781972885,
      0.07316958159208298,
      0.07297632098197937,
      0.07280649244785309,
      0.07267676293849945,
      0.0725749209523201,
      0.07249318063259125,
      0.0724281296133995
    ],
    "val_r2": [
      -29211.515625,
      -7458.78076171875,
      -5063.603515625,
      -4225.45654296875,
      -3934.2880859375,
      -3959.4267578125,
      -1309.25341796875,
      -5521.8330078125,
      -2453.34765625,
      -966.2046508789062,
      -2181.5078125,
      -3433.37158203125,
      -2385.994384765625,
      -1934.200439453125,
      -667.43896484375,
      -811.76318359375,
      -3278.845703125,
      -574.9788818359375,
      -1142.811279296875,
      -433.0108642578125,
      -674.2841186523438,
      -1553.5869140625,
      -302.1444091796875,
      -636.3953857421875,
      -293.15625,
      -461.42120361328125,
      -463.32843017578125,
      -284.6824951171875,
      -465.6097106933594,
      -340.7775573730469,
      -341.34576416015625,
      -356.1432189941406,
      -351.95477294921875,
      -341.4517517089844,
      -340.5955505371094,
      -338.6786804199219,
      -337.2041015625,
      -335.51751708984375,
      -333.8205871582031,
      -332.5339660644531,
      -331.5557861328125,
      -330.7622985839844,
      -330.1236877441406
    ],
    "val_dir_acc": [
      50.34722222222222,
      50.69444444444444,
      47.91666666666667,
      50.520833333333336,
      48.4375,
      47.74305555555556,
      47.91666666666667,
      48.61111111111111,
      49.65277777777778,
      48.61111111111111,
      47.04861111111111,
      51.041666666666664,
      48.4375,
      50.173611111111114,
      48.26388888888889,
      48.61111111111111,
      51.388888888888886,
      47.56944444444444,
      48.61111111111111,
      50.69444444444444,
      46.875,
      51.388888888888886,
      46.70138888888889,
      49.65277777777778,
      50.69444444444444,
      48.61111111111111,
      50.173611111111114,
      48.95833333333333,
      49.65277777777778,
      49.47916666666667,
      49.65277777777778,
      49.30555555555556,
      48.95833333333333,
      49.47916666666667,
      49.47916666666667,
      49.47916666666667,
      49.82638888888889,
      49.82638888888889,
      49.82638888888889,
      49.65277777777778,
      49.65277777777778,
      49.47916666666667,
      49.47916666666667
    ]
  },
  "feature_columns": [
    "close",
    "open",
    "high",
    "low",
    "volume",
    "return_1",
    "return_3",
    "return_6",
    "return_12",
    "return_24",
    "log_return",
    "volume_change",
    "rsi",
    "macd",
    "macd_signal",
    "macd_hist",
    "bb_upper",
    "bb_lower",
    "bb_width",
    "bb_position",
    "atr"
  ],
  "lookback": 48
}