{
  "model": "mlp",
  "coin": "BTC-USD",
  "config": {
    "coin": "BTC-USD",
    "interval": "1h",
    "period": "1y",
    "lookback": 48,
    "train_ratio": 0.7,
    "val_ratio": 0.15,
    "linear_lr": 0.01,
    "linear_wd": 0.001,
    "linear_epochs": 50,
    "linear_batch": 256,
    "mlp_hidden": [
      128,
      64
    ],
    "mlp_dropout": 0.3,
    "mlp_lr": 0.001,
    "mlp_wd": 0.0001,
    "mlp_epochs": 80,
    "mlp_batch": 128,
    "huber_delta": 1.0,
    "patience": 15,
    "grad_clip": 1.0,
    "seed": 42,
    "output_dir": "outputs"
  },
  "device": "cpu",
  "test_metrics": {
    "loss": 5.6149656302295625e-05,
    "mae": 0.008002573624253273,
    "rmse": 0.01092370983459925,
    "r2": -3.1654911041259766,
    "mape": 894.5391845703125,
    "direction_accuracy": 49.220103986135186
  },
  "training_history": {
    "train_loss": [
      0.11288058881958325,
      0.054082011027882494,
      0.030457208942001063,
      0.017147015624990065,
      0.012123557195688287,
      0.009797772470240792,
      0.007550156985719998,
      0.005987461268280943,
      0.004305860910487051,
      0.0036999347212258726,
      0.003992434736574069,
      0.00275933359322759,
      0.0033337123604724184,
      0.0022141244068431356,
      0.0022100797893169024,
      0.0019113773353941117,
      0.002563103410163118,
      0.0013593930489150807,
      0.0025950148313616714,
      0.0009711646537956161,
      0.0009409714233091412,
      0.001218233580099574,
      0.0006623110287667563,
      0.0011383002638467588,
      0.0008081716756957272,
      0.0007758942022822642,
      0.0012791466712466597,
      0.0006957520405800702,
      0.00047427296643339406,
      0.0005460972521783939,
      0.001357861274300376,
      0.0004450962527092391,
      0.0004444641508598579,
      0.0006777468279324239,
      0.0003762778651434928,
      0.00030463270741165616,
      0.0008321137623473381,
      0.0005980930206230065,
      0.0005157192808837863,
      0.00036166459115823574,
      0.00043026003671305563,
      0.0004003179086187932,
      0.0007445179435308091,
      0.0002535094208724331,
      0.00025396857381565496,
      0.0003018334494602944,
      0.0005147077251118996,
      0.00022763787334649047,
      0.0003412464235831673,
      0.00029525215965501655,
      0.00019470671607753806,
      0.0002519132115897567,
      0.00029577737223007716,
      0.00019910616538254544,
      0.0004933396494379849,
      0.00023215136631430747,
      0.00028929296574157587,
      0.0003504583880082161,
      0.00019461540675062375,
      0.0002311235457455041,
      0.0002597434734828615,
      0.00021071127503091702,
      0.0003684866060211789,
      0.00017626113094593165,
      0.000206333407125688,
      0.00016650676722444283,
      0.00018491291484679095,
      0.00017657774515100755,
      0.0002540094365031109,
      0.0002217844651871322,
      0.0001828683649970723,
      0.0002024839783795566,
      0.00021328012826415943,
      0.0003160682560216325,
      0.0001949276359785775,
      0.0006457006408406111,
      0.0003128334519715281,
      0.00040232547326013446,
      0.00017632714843784925,
      0.00034055093844168977
    ],
    "val_loss": [
      0.028139084267119568,
      0.012504557302842537,
      0.008456672153746089,
      0.00599562400020659,
      0.00444456508072714,
      0.003280830724785725,
      0.0029079747231056294,
      0.00212583514318491,
      0.0016063181101344526,
      0.0011600031575653702,
      0.0008770071629745265,
      0.0007738354033790529,
      0.0006755557551514357,
      0.0006090703730781873,
      0.0005751994613092393,
      0.0005233416935273757,
      0.0004634995275409892,
      0.000403304016799666,
      0.0003560627131567647,
      0.0003305592011505117,
      0.00031516424981721986,
      0.0002833530743373558,
      0.00023761794970293218,
      0.00021562839780623713,
      0.00021250740004082522,
      0.00021034492237959057,
      0.00018568213514906043,
      0.0001632120765862055,
      0.00015704898760304786,
      0.00014930804536561482,
      0.0001354443811578676,
      0.00012224568854435347,
      0.00011582487544122462,
      0.00011265420471318066,
      0.0001091394236330719,
      0.00010367757568019442,
      9.790362310013734e-05,
      9.670347814486983e-05,
      9.416069951839745e-05,
      8.73062017490156e-05,
      8.273827552329749e-05,
      8.088773756753653e-05,
      7.66428771991438e-05,
      7.408112772585203e-05,
      7.110253257754569e-05,
      6.805913411274862e-05,
      6.699016679097743e-05,
      6.639761098388892e-05,
      6.54792408264863e-05,
      6.430985862001155e-05,
      6.241446014125056e-05,
      6.097961522755213e-05,
      6.048727057835398e-05,
      5.978274566587061e-05,
      5.755091842729598e-05,
      5.549482011701912e-05,
      5.485154785371075e-05,
      5.483249272704901e-05,
      5.46774620791742e-05,
      5.398192661232315e-05,
      5.308092355941577e-05,
      5.235287123165714e-05,
      5.192784131698621e-05,
      5.159778993402142e-05,
      5.122628196356042e-05,
      5.072710337117314e-05,
      5.027443512517493e-05,
      4.987076317775063e-05,
      4.9659562137094326e-05,
      4.9461840414248094e-05,
      4.924360352257887e-05,
      4.908398235177932e-05,
      4.892393614378913e-05,
      4.877116225543432e-05,
      4.864799848292023e-05,
      4.8553252781857736e-05,
      4.850924475855815e-05,
      4.8504814913030714e-05,
      4.850360649773696e-05,
      4.850256482313853e-05
    ],
    "val_mae": [
      0.1771717667579651,
      0.1084747239947319,
      0.09019177407026291,
      0.07416270673274994,
      0.05958563834428787,
      0.05030401051044464,
      0.0467972531914711,
      0.03963953256607056,
      0.03428063169121742,
      0.02987765334546566,
      0.027414537966251373,
      0.02598494291305542,
      0.024091795086860657,
      0.022838672623038292,
      0.021875815466046333,
      0.020986132323741913,
      0.01966819167137146,
      0.01832660287618637,
      0.01730271428823471,
      0.01677093654870987,
      0.016321944072842598,
      0.015372170135378838,
      0.014155162498354912,
      0.013511838391423225,
      0.013216439634561539,
      0.012791493907570839,
      0.01209388580173254,
      0.011462708935141563,
      0.01125857513397932,
      0.010962852276861668,
      0.010477595962584019,
      0.009973776526749134,
      0.009681830182671547,
      0.009485628455877304,
      0.009275696240365505,
      0.009015439078211784,
      0.008744796738028526,
      0.00860440731048584,
      0.008436881937086582,
      0.008152465336024761,
      0.00794370286166668,
      0.007817401550710201,
      0.007613639812916517,
      0.007491982541978359,
      0.007356252055615187,
      0.007207987364381552,
      0.0071242209523916245,
      0.00711439736187458,
      0.0070571633987128735,
      0.006993426010012627,
      0.006902393419295549,
      0.00681863259524107,
      0.006774133071303368,
      0.0067166537046432495,
      0.0066116731613874435,
      0.006521672010421753,
      0.006487452890723944,
      0.006467762403190136,
      0.006448684260249138,
      0.006411540322005749,
      0.006360219791531563,
      0.006317783612757921,
      0.006288135889917612,
      0.006262312643229961,
      0.00624140864238143,
      0.006215901114046574,
      0.006193565670400858,
      0.006174634676426649,
      0.006163811311125755,
      0.006153198890388012,
      0.006142528727650642,
      0.006134021561592817,
      0.0061260126531124115,
      0.006117633543908596,
      0.006110774353146553,
      0.006106374319642782,
      0.006104430183768272,
      0.006103964522480965,
      0.006103757303208113,
      0.00610368512570858
    ],