{
  "model": "ensemble",
  "coin": "BTC-USD",
  "interval": "daily",
  "config": {
    "coin": "BTC-USD",
    "period": "5y",
    "lookback": 30,
    "train_ratio": 0.7,
    "val_ratio": 0.15,
    "hidden_size": 32,
    "num_layers": 1,
    "dropout": 0.4,
    "lr": 0.001,
    "weight_decay": 0.001,
    "epochs": 100,
    "batch_size": 32,
    "patience": 25,
    "grad_clip": 1.0,
    "seed": 42,
    "output_dir": "outputs"
  },
  "test_metrics": {
    "loss": 0.7010214999318123,
    "accuracy": 50.210970464135016,
    "precision": 47.5,
    "recall": 33.33333333333333,
    "f1": 39.175257731958766,
    "confusion_matrix": [
      [
        81,
        42
      ],
      [
        76,
        38
      ]
    ]
  },
  "training_history": {
    "train_loss": [
      0.7066512311759748,
      0.7000090919042888,
      0.6996427194068306,
      0.6976585105845803,
      0.6982668042182922,
      0.6961565566690344,
      0.6917788104007119,
      0.6928255369788722,
      0.6939547626595748,
      0.6853768009888498,
      0.6877070555561468,
      0.6802127784804294,
      0.6802348902350978,
      0.6651550876466852,
      0.6552921298303103,
      0.6580189811555963,
      0.651286686721601,
      0.6333063966349551,
      0.6311247301729102,
      0.6193183644821769,
      0.6024477756337115,
      0.5967364671983217,
      0.5883629220096689,
      0.5853198194190076,
      0.5558804540257705,
      0.5551161577827052,
      0.5423663917340731,
      0.5358411544247678,
      0.5135157131835034,
      0.5178291734896208,
      0.5151261404940957,
      0.49227846609918696,
      0.47962634030141327,
      0.463657494438322,
      0.4536693970623769,
      0.448441901489308
    ],
    "train_acc": [
      47.858319604612845,
      48.59967051070841,
      49.67051070840198,
      51.97693574958814,
      49.83525535420099,
      50.57660626029654,
      54.69522240527183,
      54.61285008237232,
      51.31795716639209,
      56.919275123558485,
      54.77759472817133,
      57.001647446457994,
      57.33113673805601,
      60.62602965403624,
      61.94398682042833,
      61.44975288303131,
      61.61449752883031,
      63.92092257001647,
      64.90939044481054,
      66.22734761120263,
      68.61614497528831,
      67.46293245469522,
      68.86326194398681,
      70.84019769357496,
      70.59308072487644,
      70.51070840197694,
      73.14662273476112,
      73.64085667215815,
      75.61779242174629,
      74.62932454695222,
      75.12355848434926,
      77.0181219110379,
      77.0181219110379,
      77.51235584843492,
      78.91268533772653,
      78.50082372322899
    ],
    "val_loss": [
      0.6963628455996513,
      0.6953611820936203,
      0.6952464282512665,
      0.6952910721302032,
      0.6953260526061058,
      0.6953824386000633,
      0.6956212893128395,
      0.6958296969532967,
      0.6971369981765747,
      0.6975949183106422,
      0.6957672759890556,
      0.6967739462852478,
      0.6980358734726906,
      0.6987321302294731,
      0.7073341086506844,
      0.7139292284846306,
      0.7195643559098244,
      0.7244843170046806,
      0.7310331538319588,
      0.7443232834339142,
      0.7569062486290932,
      0.7740769758820534,
      0.7760823369026184,
      0.7881458923220634,
      0.8070645853877068,
      0.8585706949234009,
      0.8681150004267693,
      0.8533365055918694,
      0.8887362405657768,
      0.9759510979056358,
      0.9378917068243027,
      0.9029152169823647,
      0.952247753739357,
      1.0135112926363945,
      0.9826995208859444,
      0.9909126088023186
    ],
    "val_acc": [
      51.47679324894515,
      50.63291139240506,
      53.16455696202531,
      51.89873417721519,
      53.16455696202531,
      52.320675105485236,
      52.742616033755276,
      51.0548523206751,
      49.36708860759494,
      53.16455696202531,
      54.85232067510548,
      51.0548523206751,
      52.742616033755276,
      53.58649789029536,
      48.9451476793249,
      51.0548523206751,
      49.789029535864984,
      48.9451476793249,
      50.210970464135016,
      50.210970464135016,
      50.210970464135016,
      46.41350210970464,
      46.835443037974684,
      47.257383966244724,
      47.257383966244724,
      50.63291139240506,
      48.10126582278481,
      50.210970464135016,
      50.63291139240506,
      46.835443037974684,
      49.36708860759494,
      49.36708860759494,
      50.210970464135016,
      49.36708860759494,
      48.52320675105485,
      50.63291139240506
    ],
    "val_f1": [
      52.674897119341566,
      55.172413793103445,
      57.47126436781609,
      56.81818181818182,
      57.14285714285714,
      54.980079681274894,
      54.47154471544715,
      53.2258064516129,
      52.0,
      52.36051502145923,
      52.863436123348016,
      47.74774774774775,
      48.62385321100918,
      46.07843137254902,
      44.74885844748858,
      48.67256637168141,
      38.97435897435898,
      38.578680203045685,
      39.795918367346935,
      37.89473684210527,
      41.0,
      38.048780487804876,
      38.83495145631068,
      40.19138755980861,
      40.758293838862556,
      42.364532019704434,
      36.92307692307693,
      44.85981308411215,
      45.07042253521127,
      32.25806451612903,
      41.74757281553398,
      43.39622641509434,
      43.80952380952381,
      40.5940594059406,
      42.45283018867924,
      47.05882352941176
    ]
  },
  "lookback": 30
}