{
  "model": "linear",
  "coin": "BTC-USD",
  "interval": "daily",
  "config": {
    "coin": "BTC-USD",
    "period": "5y",
    "lookback": 30,
    "train_ratio": 0.7,
    "val_ratio": 0.15,
    "hidden_size": 64,
    "num_layers": 2,
    "dropout": 0.3,
    "lr": 0.001,
    "weight_decay": 0.001,
    "epochs": 100,
    "batch_size": 32,
    "patience": 25,
    "grad_clip": 1.0,
    "seed": 42,
    "output_dir": "outputs"
  },
  "test_metrics": {
    "loss": 0.7124398723244667,
    "accuracy": 52.320675105485236,
    "precision": 50.877192982456144,
    "recall": 25.438596491228072,
    "f1": 33.91812865497076,
    "confusion_matrix": [
      [
        95,
        28
      ],
      [
        85,
        29
      ]
    ]
  },
  "training_history": {
    "train_loss": [
      0.800793790503552,
      0.7700457180801191,
      0.7568245890893435,
      0.745403882704283,
      0.7364332346539748,
      0.7292522521395433,
      0.7234681311406588,
      0.7187668367436058,
      0.7149109071806857,
      0.7117102130463249,
      0.7090182931799638,
      0.7067228587050187,
      0.7047510805882906,
      0.7030400884778876,
      0.7015407587352552,
      0.7002158133607161,
      0.6990357809945157,
      0.6979773389665704,
      0.6970220161111731,
      0.6961543591398942,
      0.6953566152798502,
      0.6946258356696681,
      0.6939536646792763,
      0.6933329983761436,
      0.6927590072154999,
      0.6922248335261094,
      0.691724601544832,
      0.6912549734115601,
      0.6908136480732968,
      0.6903995934285616,
      0.690009721015629,
      0.6896419085954365,
      0.6892941421584079,
      0.6889646806214985,
      0.6886520228887859,
      0.6883548356984791,
      0.688071912840793,
      0.6878022378996799,
      0.6875448697491696
    ],
    "train_acc": [
      48.92915980230643,
      48.84678747940691,
      48.270181219110384,
      48.18780889621087,
      48.43492586490939,
      48.84678747940691,
      49.093904448105434,
      50.0823723228995,
      49.67051070840198,
      49.588138385502475,
      51.23558484349259,
      51.72981878088962,
      51.40032948929159,
      51.81219110378913,
      52.63591433278418,
      52.883031301482696,
      53.45963756177924,
      53.13014827018122,
      53.13014827018122,
      53.62438220757826,
      53.54200988467874,
      53.70675453047776,
      54.2833607907743,
      54.448105436573314,
      54.61285008237232,
      54.53047775947282,
      54.85996705107083,
      54.69522240527183,
      54.94233937397035,
      55.18945634266886,
      55.18945634266886,
      55.02471169686986,
      54.94233937397035,
      55.271828665568364,
      55.271828665568364,
      55.601317957166394,
      55.601317957166394,
      55.766062602965405,
      55.601317957166394
    ],
    "val_loss": [
      0.8430793657898903,
      0.8019862473011017,
      0.7748988568782806,
      0.7540112882852554,
      0.7388791888952255,
      0.7281230762600899,
      0.7205705270171165,
      0.7153461650013924,
      0.7117633372545242,
      0.7093091681599617,
      0.7076313197612762,
      0.7064938619732857,
      0.7057373225688934,
      0.7052494063973427,
      0.704956017434597,
      0.7048055231571198,
      0.7047617211937904,
      0.7047995552420616,
      0.7049024030566216,
      0.7050537094473839,
      0.70524812489748,
      0.7054758742451668,
      0.7057269662618637,
      0.705994501709938,
      0.7062797471880913,
      0.7065721303224564,
      0.7068649455904961,
      0.7071666046977043,
      0.7074718996882439,
      0.7077774703502655,
      0.7080802768468857,
      0.7083783447742462,
      0.7086701467633247,
      0.7089545652270317,
      0.709230862557888,
      0.7094983607530594,
      0.7097567617893219,
      0.7100058197975159,
      0.7102454677224159
    ],
    "val_acc": [
      48.10126582278481,
      45.9915611814346,
      46.835443037974684,
      46.41350210970464,
      47.67932489451477,
      51.47679324894515,
      51.47679324894515,
      50.210970464135016,
      50.210970464135016,
      50.63291139240506,
      51.0548523206751,
      51.89873417721519,
      53.58649789029536,
      54.85232067510548,
      54.85232067510548,
      54.008438818565395,
      53.16455696202531,
      52.320675105485236,
      51.47679324894515,
      51.89873417721519,
      52.320675105485236,
      51.89873417721519,
      52.320675105485236,
      52.742616033755276,
      51.89873417721519,
      51.89873417721519,
      50.210970464135016,
      50.210970464135016,
      49.789029535864984,
      49.789029535864984,
      49.789029535864984,
      48.9451476793249,
      48.52320675105485,
      48.52320675105485,
      47.67932489451477,
      47.67932489451477,
      47.67932489451477,
      47.67932489451477,
      47.67932489451477
    ],
    "val_f1": [
      22.641509433962266,
      22.89156626506024,
      27.586206896551722,
      30.601092896174865,
      34.73684210526316,
      43.34975369458128,
      45.497630331753555,
      46.846846846846844,
      49.572649572649574,
      50.212765957446805,
      52.066115702479344,
      54.03225806451613,
      56.34920634920635,
      57.70750988142292,
      57.70750988142292,
      57.25490196078431,
      56.809338521400775,
      56.03112840466926,
      55.5984555984556,
      56.15384615384615,
      56.70498084291188,
      55.81395348837209,
      56.03112840466926,
      56.58914728682171,
      55.46875,
      55.46875,
      53.17460317460318,
      53.17460317460318,
      52.589641434262944,
      52.589641434262944,
      52.589641434262944,
      52.17391304347826,
      51.2,
      51.2,
      49.59349593495935,
      49.59349593495935,
      49.59349593495935,
      49.59349593495935,
      49.59349593495935
    ]
  },
  "lookback": 30
}