{
  "model": "lstm",
  "coin": "BTC-USD",
  "interval": "daily",
  "config": {
    "coin": "BTC-USD",
    "period": "5y",
    "lookback": 30,
    "train_ratio": 0.7,
    "val_ratio": 0.15,
    "hidden_size": 64,
    "num_layers": 2,
    "dropout": 0.3,
    "lr": 0.001,
    "weight_decay": 0.001,
    "epochs": 100,
    "batch_size": 32,
    "patience": 25,
    "grad_clip": 1.0,
    "seed": 42,
    "output_dir": "outputs"
  },
  "test_metrics": {
    "loss": 0.7139318361878395,
    "accuracy": 47.67932489451477,
    "precision": 46.75324675324675,
    "recall": 63.1578947368421,
    "f1": 53.73134328358209,
    "confusion_matrix": [
      [
        41,
        82
      ],
      [
        42,
        72
      ]
    ]
  },
  "training_history": {
    "train_loss": [
      0.6972405063478571,
      0.6961736726133447,
      0.6960163069398779,
      0.6937504849935833,
      0.6908108576347953,
      0.6898703747674039,
      0.6857891239618,
      0.6807835055025,
      0.67618727684021,
      0.6671708085035023,
      0.6603781078991137,
      0.6467521598464564,
      0.6399411527734054,
      0.6336993669208727,
      0.6335477013336984,
      0.6060630804614017,
      0.6260576310910677,
      0.6092487299128583,
      0.5906941984829149,
      0.5741672727622484,
      0.5699094588819303,
      0.5738540111403716,
      0.5868251441340697,
      0.566670791098946,
      0.5613933284031717,
      0.527876144961307,
      0.5155899697228482,
      0.5223397573358134,
      0.5093373452362261,
      0.48944934810462754,
      0.4847262172322524,
      0.47875512901105377,
      0.47026146399347407,
      0.4569781689267409,
      0.4635090043670253
    ],
    "train_acc": [
      50.658978583196046,
      50.0823723228995,
      51.565074135090605,
      52.22405271828665,
      54.36573311367381,
      53.87149917627677,
      54.94233937397035,
      57.33113673805601,
      58.81383855024712,
      60.29654036243822,
      60.95551894563427,
      62.026359143327845,
      64.332784184514,
      64.90939044481054,
      64.90939044481054,
      67.21581548599671,
      65.7331136738056,
      66.80395387149917,
      68.28665568369028,
      70.18121911037892,
      70.0164744645799,
      69.19275123558485,
      69.11037891268533,
      71.08731466227347,
      69.8517298187809,
      73.72322899505767,
      74.2998352553542,
      72.24052718286656,
      75.20593080724876,
      75.53542009884679,
      75.12355848434926,
      74.71169686985174,
      74.62932454695222,
      75.7825370675453,
      75.7001647446458
    ],
    "val_loss": [
      0.6969711631536484,
      0.6965441331267357,
      0.6965706422924995,
      0.6970536708831787,
      0.6971022263169289,
      0.6973634958267212,
      0.6970706433057785,
      0.6995406523346901,
      0.6979960575699806,
      0.7019347250461578,
      0.7107194438576698,
      0.714343473315239,
      0.7217864766716957,
      0.7236137390136719,
      0.7341663017868996,
      0.7490742355585098,
      0.7408421114087105,
      0.7478794306516647,
      0.7645979449152946,
      0.7888025864958763,
      0.8009791448712349,
      0.7884837761521339,
      0.7945759147405624,
      0.8184643536806107,
      0.791785478591919,
      0.8237471207976341,
      0.8457497283816338,
      0.8624655231833458,
      0.9201847314834595,
      0.8912290707230568,
      0.90882458537817,
      0.9633884280920029,
      0.9960367158055305,
      0.9694202616810799,
      0.9366865009069443
    ],
    "val_acc": [
      47.257383966244724,
      49.36708860759494,
      49.789029535864984,
      51.0548523206751,
      48.10126582278481,
      47.67932489451477,
      48.9451476793249,
      48.9451476793249,
      52.742616033755276,
      53.16455696202531,
      52.742616033755276,
      52.742616033755276,
      51.89873417721519,
      50.63291139240506,
      51.89873417721519,
      46.41350210970464,
      52.742616033755276,
      48.52320675105485,
      49.789029535864984,
      48.10126582278481,
      50.63291139240506,
      50.63291139240506,
      48.9451476793249,
      50.63291139240506,
      46.835443037974684,
      50.63291139240506,
      51.0548523206751,
      48.52320675105485,
      45.9915611814346,
      46.41350210970464,
      48.52320675105485,
      47.257383966244724,
      46.835443037974684,
      48.10126582278481,
      48.52320675105485
    ],
    "val_f1": [
      53.53159851301115,
      63.41463414634146,
      65.5072463768116,
      66.27906976744185,
      61.91950464396285,
      60.0,
      60.32786885245902,
      62.99694189602446,
      59.42028985507246,
      59.92779783393502,
      53.333333333333336,
      52.54237288135594,
      51.28205128205128,
      45.58139534883721,
      50.86206896551724,
      39.81042654028436,
      51.30434782608696,
      44.54545454545455,
      46.63677130044843,
      48.10126582278481,
      46.08294930875576,
      49.35064935064935,
      44.74885844748858,
      51.85185185185185,
      48.36065573770492,
      48.0,
      50.427350427350426,
      46.49122807017544,
      36.633663366336634,
      42.53393665158371,
      43.51851851851852,
      40.758293838862556,
      40.0,
      44.843049327354265,
      46.95652173913044
    ]
  },
  "lookback": 30
}